kingdom,phylum,order,family,genus,species,kingdom_id,phylum_id,order_id,family_id,genus_id,species_id,class,class_id,subspecies,subspecies_id,ids
Animalia,Chordata,Clupeiformes,Clupeidae,Clupea,Clupea pallasii,1,44,538,7332,2346676,4284072,NA,NA,NA,NA,Clupea pallasii
Animalia,Chordata,Salmoniformes,Salmonidae,Oncorhynchus,Oncorhynchus nerka,1,44,1313,8615,2351426,5204039,NA,NA,NA,NA,Oncorhynchus nerka
Animalia,Chordata,Salmoniformes,Salmonidae,Oncorhynchus,Oncorhynchus kawamurae,1,44,1313,8615,2351426,5961610,NA,NA,NA,NA,Oncorhynchus kawamurae
Animalia,Chordata,Gadiformes,Gadidae,Gadus,Gadus morhua,1,44,549,3701,2335052,8084280,NA,NA,NA,NA,Gadus morhua
Animalia,Chordata,Gadiformes,Gadidae,Gadus,Gadus chalcogrammus,1,44,549,3701,2335052,2415769,NA,NA,NA,NA,Gadus chalcogrammus
Animalia,Chordata,Osmeriformes,Osmeridae,Thaleichthys,Thaleichthys pacificus,1,44,1068,8480,2410902,2410903,NA,NA,NA,NA,Thaleichthys pacificus
Animalia,Chordata,Osmeriformes,Osmeridae,Spirinchus,Spirinchus lanceolatus,1,44,1068,8480,2410894,2410895,NA,NA,NA,NA,Spirinchus lanceolatus
Animalia,Chordata,Pleuronectiformes,Pleuronectidae,Glyptocephalus,Glyptocephalus zachirus,1,44,588,8611,2409281,5214001,NA,NA,NA,NA,Glyptocephalus zachirus
Animalia,Chordata,Pleuronectiformes,Pleuronectidae,Glyptocephalus,Glyptocephalus stelleri,1,44,588,8611,2409281,5213991,NA,NA,NA,NA,Glyptocephalus stelleri
Animalia,Chordata,Pleuronectiformes,Pleuronectidae,Limanda,Limanda proboscidea,1,44,588,8611,5213949,5213962,NA,NA,NA,NA,Myzopsetta proboscidea
Animalia,Chordata,Salmoniformes,Salmonidae,Oncorhynchus,Oncorhynchus kisutch,1,44,1313,8615,2351426,5204034,NA,NA,NA,NA,Oncorhynchus kisutch
Animalia,Chordata,Osmeriformes,Osmeridae,Mallotus,Mallotus villosus,1,44,1068,8480,2410910,5214420,NA,NA,NA,NA,Mallotus villosus
Animalia,Chordata,Clupeiformes,Clupeidae,Clupea,Clupea harengus,1,44,538,7332,2346676,8351946,NA,NA,NA,NA,Clupea harengus
Animalia,Chordata,Scorpaeniformes,Hexagrammidae,Ophiodon,Ophiodon elongatus,1,44,590,8626,2336520,2336521,NA,NA,NA,NA,Ophiodon elongatus
Animalia,Chordata,Myctophiformes,Myctophidae,Diaphus,Diaphus theta,1,44,1306,4217,2406168,2406199,NA,NA,NA,NA,Diaphus theta
Animalia,Chordata,Perciformes,Stichaeidae,Phytichthys,Phytichthys chirus,1,44,587,8598,2394820,2394821,NA,NA,NA,NA,Phytichthys chirus
Animalia,Chordata,Clupeiformes,Clupeidae,Alosa,Alosa alosa,1,44,538,7332,2412615,2412685,NA,NA,NA,NA,Alosa alosa
Animalia,Chordata,Clupeiformes,Clupeidae,Alosa,Alosa sapidissima,1,44,538,7332,2412615,2412661,NA,NA,NA,NA,Alosa sapidissima
Animalia,Chordata,Clupeiformes,Clupeidae,Alosa,Alosa fallax,1,44,538,7332,2412615,2412623,NA,NA,NA,NA,Alosa fallax
Animalia,Chordata,Perciformes,Ammodytidae,Ammodytes,Ammodytes japonicus,1,44,587,8487,2389989,8995137,NA,NA,NA,NA,Ammodytes japonicus
Animalia,Chordata,Perciformes,Ammodytidae,Ammodytes,Ammodytes personatus,1,44,587,8487,2389989,2389997,NA,NA,NA,NA,Ammodytes personatus
Animalia,Chordata,Perciformes,Ammodytidae,Hyperoplus,Hyperoplus immaculatus,1,44,587,8487,2390011,2390012,NA,NA,NA,NA,Hyperoplus immaculatus
Animalia,Chordata,Scorpaeniformes,Sebastidae,Sebastes,Sebastes eos,1,44,590,8633,2333712,2335572,NA,NA,NA,NA,Sebastes eos
Animalia,Chordata,Scorpaeniformes,Sebastidae,Sebastes,Sebastes ventricosus,1,44,590,8633,2333712,2335386,NA,NA,NA,NA,Sebastes ventricosus
Animalia,Chordata,Scorpaeniformes,Sebastidae,Sebastes,Sebastes helvomaculatus,1,44,590,8633,2333712,2335394,NA,NA,NA,NA,Sebastes helvomaculatus
Animalia,Chordata,Scorpaeniformes,Sebastidae,Sebastes,Sebastes constellatus,1,44,590,8633,2333712,2335457,NA,NA,NA,NA,Sebastes constellatus
Animalia,Chordata,Scorpaeniformes,Sebastidae,Sebastes,Sebastes emphaeus,1,44,590,8633,2333712,2335372,NA,NA,NA,NA,Sebastes emphaeus
Animalia,Chordata,Scorpaeniformes,Sebastidae,Sebastes,Sebastes hubbsi,1,44,590,8633,2333712,2335535,NA,NA,NA,NA,Sebastes hubbsi
Animalia,Chordata,Scorpaeniformes,Sebastidae,Sebastes,Sebastes joyneri,1,44,590,8633,2333712,2335451,NA,NA,NA,NA,Sebastes joyneri
Animalia,Chordata,Scorpaeniformes,Sebastidae,Sebastes,Sebastes alutus,1,44,590,8633,2333712,2335557,NA,NA,NA,NA,Sebastes alutus
Animalia,Chordata,Scorpaeniformes,Sebastidae,Sebastes,Sebastes cheni,1,44,590,8633,2333712,4286373,NA,NA,NA,NA,Sebastes cheni
Animalia,Chordata,Scorpaeniformes,Sebastidae,Sebastes,Sebastes flavidus,1,44,590,8633,2333712,2335500,NA,NA,NA,NA,Sebastes flavidus
Animalia,Chordata,Scorpaeniformes,Sebastidae,Sebastes,Sebastes rubrivinctus,1,44,590,8633,2333712,2335388,NA,NA,NA,NA,Sebastes rubrivinctus
Animalia,Chordata,Scorpaeniformes,Sebastidae,Sebastes,Sebastes exsul,1,44,590,8633,2333712,2335547,NA,NA,NA,NA,Sebastes exsul
Animalia,Chordata,Scorpaeniformes,Sebastidae,Sebastes,Sebastes ruberrimus,1,44,590,8633,2333712,2335415,NA,NA,NA,NA,Sebastes ruberrimus
Animalia,Chordata,Scorpaeniformes,Sebastidae,Sebastes,Sebastes melanops,1,44,590,8633,2333712,2335569,NA,NA,NA,NA,Sebastes melanops
Animalia,Chordata,Scorpaeniformes,Sebastidae,Sebastes,Sebastes proriger,1,44,590,8633,2333712,2335489,NA,NA,NA,NA,Sebastes proriger
Animalia,Chordata,Scorpaeniformes,Sebastidae,Sebastes,Sebastes aleutianus,1,44,590,8633,2333712,2335422,NA,NA,NA,NA,Sebastes aleutianus
Animalia,Chordata,Scorpaeniformes,Sebastidae,Sebastes,Sebastes melanostictus,1,44,590,8633,2333712,8416044,NA,NA,NA,NA,Sebastes melanostictus
Animalia,Chordata,Scorpaeniformes,Sebastidae,Sebastes,Sebastes wilsoni,1,44,590,8633,2333712,2335485,NA,NA,NA,NA,Sebastes wilsoni
Animalia,Chordata,Scorpaeniformes,Sebastidae,Sebastes,Sebastes simulator,1,44,590,8633,2333712,2335424,NA,NA,NA,NA,Sebastes simulator
Animalia,Chordata,Scorpaeniformes,Sebastidae,Sebastes,Sebastes babcocki,1,44,590,8633,2333712,2335374,NA,NA,NA,NA,Sebastes babcocki
Animalia,Chordata,Scorpaeniformes,Sebastidae,Sebastes,Sebastes phillipsi,1,44,590,8633,2333712,2335550,NA,NA,NA,NA,Sebastes phillipsi
Animalia,Chordata,Scorpaeniformes,Sebastidae,Sebastes,Sebastes goodei,1,44,590,8633,2333712,2335531,NA,NA,NA,NA,Sebastes goodei
Animalia,Chordata,Scorpaeniformes,Sebastidae,Sebastes,Sebastes baramenuke,1,44,590,8633,2333712,2335483,NA,NA,NA,NA,Sebastes baramenuke
Animalia,Chordata,Scorpaeniformes,Sebastidae,Sebastes,Sebastes ovalis,1,44,590,8633,2333712,2335567,NA,NA,NA,NA,Sebastes ovalis
Animalia,Chordata,Scorpaeniformes,Sebastidae,Sebastes,Sebastes serriceps,1,44,590,8633,2333712,2335522,NA,NA,NA,NA,Sebastes serriceps
Animalia,Chordata,Scorpaeniformes,Sebastidae,Sebastes,Sebastes zacentrus,1,44,590,8633,2333712,2335429,NA,NA,NA,NA,Sebastes zacentrus
Animalia,Chordata,Scorpaeniformes,Sebastidae,Sebastes,Sebastes variegatus,1,44,590,8633,2333712,2335412,NA,NA,NA,NA,Sebastes variegatus
Animalia,Chordata,Scorpaeniformes,Sebastidae,Sebastes,Sebastes pachycephalus,1,44,590,8633,2333712,4286366,NA,NA,NA,NA,Sebastes pachycephalus
Animalia,Chordata,Scorpaeniformes,Sebastidae,Sebastes,Sebastes rosenblatti,1,44,590,8633,2333712,2335437,NA,NA,NA,NA,Sebastes rosenblatti
Animalia,Chordata,Scorpaeniformes,Sebastidae,Sebastes,Sebastes miniatus,1,44,590,8633,2333712,2335381,NA,NA,NA,NA,Sebastes miniatus
Animalia,Chordata,Scorpaeniformes,Sebastidae,Sebastes,Sebastes elongatus,1,44,590,8633,2333712,2335441,NA,NA,NA,NA,Sebastes elongatus
Animalia,Chordata,Scorpaeniformes,Sebastidae,Sebastes,Sebastes brevispinis,1,44,590,8633,2333712,2335560,NA,NA,NA,NA,Sebastes brevispinis
Animalia,Chordata,Scorpaeniformes,Sebastidae,Sebastes,Sebastes rosaceus,1,44,590,8633,2333712,2335450,NA,NA,NA,NA,Sebastes rosaceus
Animalia,Chordata,Squaliformes,Squalidae,Squalus,Squalus suckleyi,1,44,883,5872,2420869,5216380,Elasmobranchii,121,NA,NA,Squalus suckleyi
Animalia,Chordata,Squaliformes,Squalidae,Squalus,Squalus acanthias,1,44,883,5872,2420869,5216368,Elasmobranchii,121,NA,NA,Squalus acanthias
Animalia,Chordata,Carcharhiniformes,Triakidae,Galeorhinus,Galeorhinus galeus,1,44,887,2206,2418258,2418259,Elasmobranchii,121,NA,NA,Galeorhinus galeus
Animalia,Chordata,Scorpaeniformes,Sebastidae,Sebastes,Sebastes nebulosus,1,44,590,8633,2333712,2335508,NA,NA,NA,NA,Sebastes nebulosus
Animalia,Chordata,Perciformes,Embiotocidae,Cymatogaster,Cymatogaster aggregata,1,44,587,4269,2389233,2389234,NA,NA,NA,NA,Cymatogaster aggregata
Animalia,Chordata,Perciformes,Stichaeidae,Anoplarchus,Anoplarchus purpurescens,1,44,587,8598,2394913,2394914,NA,NA,NA,NA,Anoplarchus purpurescens
Animalia,Chordata,Perciformes,Stichaeidae,Anoplarchus,Anoplarchus insignis,1,44,587,8598,2394913,2394916,NA,NA,NA,NA,Anoplarchus insignis
Animalia,Chordata,Pleuronectiformes,Pleuronectidae,Hippoglossus,Hippoglossus stenolepis,1,44,588,8611,2408796,2409216,NA,NA,NA,NA,Hippoglossus stenolepis
Animalia,Chordata,Salmoniformes,Salmonidae,Salmo,Salmo salar,1,44,1313,8615,2347608,7595433,NA,NA,NA,NA,Salmo salar
Animalia,Chordata,Osmeriformes,Osmeridae,Osmerus,Osmerus eperlanus,1,44,1068,8480,2401117,2410854,NA,NA,NA,NA,Osmerus eperlanus
Animalia,Chordata,Salmoniformes,Salmonidae,Oncorhynchus,Oncorhynchus gorbuscha,1,44,1313,8615,2351426,5204037,NA,NA,NA,NA,Oncorhynchus gorbuscha
Animalia,Chordata,Scorpaeniformes,Sebastidae,Sebastes,NA,1,44,590,8633,2333712,NA,NA,NA,NA,NA,Sebastes
Animalia,Chordata,Gadiformes,Merlucciidae,Merluccius,Merluccius productus,1,44,549,3703,2415629,2415676,NA,NA,NA,NA,Merluccius productus
Animalia,Chordata,Gadiformes,Merlucciidae,Merluccius,Merluccius angustimanus,1,44,549,3703,2415629,2415679,NA,NA,NA,NA,Merluccius angustimanus
Animalia,Chordata,Scorpaeniformes,Liparidae,Rhinoliparis,Rhinoliparis barbulifer,1,44,590,8627,2336096,2336097,NA,NA,NA,NA,Rhinoliparis barbulifer
Animalia,Chordata,Scorpaeniformes,Liparidae,Lipariscus,Lipariscus nanus,1,44,590,8627,2336408,2336409,NA,NA,NA,NA,Lipariscus nanus
Animalia,Chordata,Scorpaeniformes,Liparidae,Paraliparis,Paraliparis rosaceus,1,44,590,8627,2336274,2336296,NA,NA,NA,NA,Paraliparis rosaceus
Animalia,Chordata,Scorpaeniformes,Liparidae,Paraliparis,Paraliparis garmani,1,44,590,8627,2336274,2336334,NA,NA,NA,NA,Paraliparis garmani
Animalia,Chordata,Pleuronectiformes,Pleuronectidae,Lepidopsetta,Lepidopsetta bilineata,1,44,588,8611,5213905,5213939,NA,NA,NA,NA,Lepidopsetta bilineata
Animalia,Chordata,Pleuronectiformes,Pleuronectidae,Lepidopsetta,Lepidopsetta polyxystra,1,44,588,8611,5213905,5213938,NA,NA,NA,NA,Lepidopsetta polyxystra
Animalia,Chordata,Perciformes,Zoarcidae,Lycodapus,Lycodapus microchir,1,44,587,5079,2380868,2380882,NA,NA,NA,NA,Lycodapus microchir
Animalia,Chordata,Scorpaeniformes,Anoplopomatidae,Anoplopoma,Anoplopoma fimbria,1,44,590,5090,2335061,2335062,NA,NA,NA,NA,Anoplopoma fimbria
Animalia,Chordata,Scorpaeniformes,Sebastidae,Sebastolobus,Sebastolobus altivelis,1,44,590,8633,2335321,2335322,NA,NA,NA,NA,Sebastolobus altivelis
Animalia,Chordata,Scorpaeniformes,Sebastidae,Sebastolobus,Sebastolobus alascanus,1,44,590,8633,2335321,2335323,NA,NA,NA,NA,Sebastolobus alascanus
Animalia,Chordata,Scorpaeniformes,Sebastidae,Sebastolobus,Sebastolobus macrochir,1,44,590,8633,2335321,2335324,NA,NA,NA,NA,Sebastolobus macrochir
Animalia,Chordata,Scorpaeniformes,Sebastidae,Sebastiscus,Sebastiscus marmoratus,1,44,590,8633,2335354,2335355,NA,NA,NA,NA,Sebastiscus marmoratus
Animalia,Chordata,Pleuronectiformes,Pleuronectidae,Hippoglossoides,Hippoglossoides platessoides,1,44,588,8611,2409098,2409104,NA,NA,NA,NA,Hippoglossoides platessoides
Animalia,Chordata,Pleuronectiformes,Pleuronectidae,Pseudopleuronectes,Pseudopleuronectes americanus,1,44,588,8611,2409055,2409062,NA,NA,NA,NA,Pseudopleuronectes americanus
Animalia,Chordata,Pleuronectiformes,Pleuronectidae,Cleisthenes,Cleisthenes herzensteini,1,44,588,8611,2409136,2409139,NA,NA,NA,NA,Cleisthenes herzensteini
Animalia,Chordata,Pleuronectiformes,Pleuronectidae,Limanda,Limanda sakhalinensis,1,44,588,8611,5213949,5213969,NA,NA,NA,NA,Limanda sakhalinensis
Animalia,Chordata,Pleuronectiformes,Pleuronectidae,Hippoglossoides,Hippoglossoides elassodon,1,44,588,8611,2409098,2409109,NA,NA,NA,NA,Hippoglossoides elassodon
Animalia,Chordata,Pleuronectiformes,Pleuronectidae,Hippoglossoides,Hippoglossoides robustus,1,44,588,8611,2409098,2409099,NA,NA,NA,NA,Hippoglossoides robustus
Animalia,Chordata,Pleuronectiformes,Pleuronectidae,Cleisthenes,Cleisthenes pinetorum,1,44,588,8611,2409136,2409137,NA,NA,NA,NA,Cleisthenes pinetorum
Animalia,Chordata,Pleuronectiformes,Pleuronectidae,Hippoglossoides,Hippoglossoides dubius,1,44,588,8611,2409098,2409102,NA,NA,NA,NA,Hippoglossoides dubius
Animalia,Chordata,Scorpaeniformes,Sebastidae,Sebastes,Sebastes mystinus,1,44,590,8633,2333712,2335366,NA,NA,NA,NA,Sebastes mystinus
Animalia,Chordata,Clupeiformes,Clupeidae,Sprattus,Sprattus sprattus,1,44,538,7332,2413443,2413452,NA,NA,NA,NA,Sprattus sprattus
Animalia,Chordata,Pleuronectiformes,Paralichthyidae,Citharichthys,Citharichthys sordidus,1,44,588,5082,2408301,2408726,NA,NA,NA,NA,Citharichthys sordidus
Animalia,Chordata,Scorpaeniformes,Cottidae,Ascelichthys,Ascelichthys rhodorus,1,44,590,8621,2334020,2334021,NA,NA,NA,NA,Ascelichthys rhodorus
Animalia,Chordata,Scorpaeniformes,Cottidae,Icelinus,Icelinus borealis,1,44,590,8621,2334346,2334359,NA,NA,NA,NA,Icelinus borealis
Animalia,Chordata,Pleuronectiformes,Pleuronectidae,Atheresthes,Atheresthes evermanni,1,44,588,8611,2409090,2409095,NA,NA,NA,NA,Atheresthes evermanni
Animalia,Chordata,Pleuronectiformes,Pleuronectidae,Atheresthes,Atheresthes stomias,1,44,588,8611,2409090,2409091,NA,NA,NA,NA,Atheresthes stomias
Animalia,Chordata,Clupeiformes,Engraulidae,Engraulis,Engraulis mordax,1,44,538,7334,2352080,2414024,NA,NA,NA,NA,Engraulis mordax
Animalia,Chordata,Scorpaeniformes,Liparidae,Liparis,Liparis fucensis,1,44,590,8627,2335959,5201508,NA,NA,NA,NA,Liparis fucensis
Animalia,Chordata,Pleuronectiformes,Pleuronectidae,Platichthys,Platichthys flesus,1,44,588,8611,2409326,2409330,NA,NA,NA,NA,Platichthys flesus
Animalia,Chordata,Pleuronectiformes,Pleuronectidae,Platichthys,Platichthys stellatus,1,44,588,8611,2409326,2409327,NA,NA,NA,NA,Platichthys stellatus
Animalia,Chordata,Pleuronectiformes,Pleuronectidae,Limanda,Limanda ferruginea,1,44,588,8611,5213949,5213953,NA,NA,NA,NA,Myzopsetta ferruginea
Animalia,Chordata,Pleuronectiformes,Pleuronectidae,Platichthys,Platichthys stellatus,1,44,588,8611,2409326,2409327,NA,NA,NA,NA,Platichthys stellatuss
Animalia,Chordata,Pleuronectiformes,Pleuronectidae,Platichthys,Platichthys stellatus,1,44,588,8611,2409326,2409327,NA,NA,Platichthys stellatus stellatus,9564996,Platichthys stellatus x (Platichthys stellatuss)
Animalia,Chordata,Pleuronectiformes,Pleuronectidae,Liopsetta,Liopsetta glacialis,1,44,588,8611,2409258,2409263,NA,NA,NA,NA,Liopsetta glacialis
Animalia,Chordata,Scorpaeniformes,Liparidae,Liparis,Liparis florae,1,44,590,8627,2335959,5201520,NA,NA,NA,NA,Liparis florae
Animalia,Chordata,Salmoniformes,Salmonidae,Oncorhynchus,Oncorhynchus keta,1,44,1313,8615,2351426,5204014,NA,NA,NA,NA,Oncorhynchus keta
Animalia,Chordata,Perciformes,Pholidae,Pholis,Pholis laeta,1,44,587,8576,2390397,5210424,NA,NA,NA,NA,Pholis laeta
Animalia,Chordata,Perciformes,Pholidae,Pholis,Pholis ornata,1,44,587,8576,2390397,5210410,NA,NA,NA,NA,Pholis ornata
Animalia,Chordata,Chimaeriformes,Chimaeridae,Hydrolagus,Hydrolagus colliei,1,44,880,2181,2417351,5215461,Holocephali,120,NA,NA,Hydrolagus colliei
Animalia,Chordata,Pleuronectiformes,Pleuronectidae,Lyopsetta,Lyopsetta exilis,1,44,588,8611,2409225,2409226,NA,NA,NA,NA,Lyopsetta exilis
Animalia,Chordata,Scorpaeniformes,Sebastidae,Sebastes,Sebastes crameri,1,44,590,8633,2333712,2335443,NA,NA,NA,NA,Sebastes crameri
Animalia,Chordata,Scorpaeniformes,Sebastidae,Sebastes,Sebastes reedi,1,44,590,8633,2333712,2335448,NA,NA,NA,NA,Sebastes reedi
Animalia,Chordata,Scorpaeniformes,Sebastidae,Sebastes,Sebastes ciliatus,1,44,590,8633,2333712,2335476,NA,NA,NA,NA,Sebastes ciliatus
Animalia,Chordata,Scorpaeniformes,Sebastidae,Sebastes,Sebastes variabilis,1,44,590,8633,2333712,2335481,NA,NA,NA,NA,Sebastes variabilis
Animalia,Chordata,Scorpaeniformes,Sebastidae,Sebastes,Sebastes polyspinis,1,44,590,8633,2333712,2335506,NA,NA,NA,NA,Sebastes polyspinis
Animalia,Chordata,Gadiformes,Gadidae,Arctogadus,Arctogadus glacialis,1,44,549,3701,2415881,2415882,NA,NA,NA,NA,Arctogadus glacialis
Animalia,Chordata,Salmoniformes,Salmonidae,Oncorhynchus,Oncorhynchus tshawytscha,1,44,1313,8615,2351426,5204024,NA,NA,NA,NA,Oncorhynchus tshawytscha
Animalia,Chordata,Pleuronectiformes,Pleuronectidae,Microstomus,Microstomus pacificus,1,44,588,8611,2409352,5214028,NA,NA,NA,NA,Microstomus pacificus
Animalia,Chordata,Scorpaeniformes,Sebastidae,Sebastes,Sebastes macdonaldi,1,44,590,8633,2333712,2335453,NA,NA,NA,NA,Sebastes macdonaldi
Animalia,Chordata,Scorpaeniformes,Sebastidae,Sebastes,Sebastes melanosema,1,44,590,8633,2333712,2335529,NA,NA,NA,NA,Sebastes melanosema
Animalia,Chordata,Scorpaeniformes,Sebastidae,Sebastes,Sebastes diploproa,1,44,590,8633,2333712,2335406,NA,NA,NA,NA,Sebastes diploproa
Animalia,Chordata,Gobiesociformes,Gobiesocidae,Gobiesox,Gobiesox maeandricus,1,44,1163,7668,2411258,2411287,NA,NA,NA,NA,Gobiesox maeandricus
Animalia,Chordata,Pleuronectiformes,Pleuronectidae,Limanda,Limanda aspera,1,44,588,8611,5213949,5213950,NA,NA,NA,NA,Limanda aspera
Animalia,Chordata,Pleuronectiformes,Pleuronectidae,Limanda,Limanda limanda,1,44,588,8611,5213949,5213960,NA,NA,NA,NA,Limanda limanda
Animalia,Chordata,Scorpaeniformes,Cottidae,Artedius,Artedius harringtoni,1,44,590,8621,2333960,2333963,NA,NA,NA,NA,Artedius harringtoni
Animalia,Chordata,Scorpaeniformes,Liparidae,Liparis,Liparis mucosus,1,44,590,8627,2335959,5201509,NA,NA,NA,NA,Liparis mucosus
Animalia,Chordata,Pleuronectiformes,Pleuronectidae,Eopsetta,Eopsetta jordani,1,44,588,8611,2409233,2409237,NA,NA,NA,NA,Eopsetta jordani
Animalia,Chordata,Salmoniformes,Salmonidae,Oncorhynchus,Oncorhynchus mykiss,1,44,1313,8615,2351426,5204019,NA,NA,NA,NA,Oncorhynchus mykiss
Animalia,Chordata,Salmoniformes,Salmonidae,Oncorhynchus,Oncorhynchus mykiss,1,44,1313,8615,2351426,5204019,NA,NA,Oncorhynchus mykiss irideus,5711995,Oncorhynchus mykiss irideus
Animalia,Chordata,Salmoniformes,Salmonidae,Oncorhynchus,Oncorhynchus mykiss,1,44,1313,8615,2351426,5204019,NA,NA,NA,NA,Oncorhynchus mykiss newberrii
Animalia,Chordata,Salmoniformes,Salmonidae,Oncorhynchus,Oncorhynchus mykiss,1,44,1313,8615,2351426,5204019,NA,NA,Oncorhynchus mykiss gairdnerii,5711994,Oncorhynchus mykiss gairdneri
Animalia,Chordata,Salmoniformes,Salmonidae,Oncorhynchus,Oncorhynchus gilae,1,44,1313,8615,2351426,5204032,NA,NA,NA,NA,Oncorhynchus gilae
Animalia,Chordata,Salmoniformes,Salmonidae,Oncorhynchus,Oncorhynchus clarkii,1,44,1313,8615,2351426,5711980,NA,NA,Oncorhynchus clarkii lewisi,5711983,Oncorhynchus clarkii lewisi
Animalia,Chordata,Salmoniformes,Salmonidae,Oncorhynchus,Oncorhynchus apache,1,44,1313,8615,2351426,5204012,NA,NA,Oncorhynchus gilae apache,5204013,Oncorhynchus gilae apache
Animalia,Chordata,Scorpaeniformes,Hexagrammidae,Hexagrammos,Hexagrammos decagrammus,1,44,590,8626,2336463,2336472,NA,NA,NA,NA,Hexagrammos decagrammus
Animalia,Chordata,Perciformes,Stichaeidae,Leptoclinus,Leptoclinus maculatus,1,44,587,8598,2394831,2394832,NA,NA,NA,NA,Leptoclinus maculatus
Animalia,Chordata,Gadiformes,Gadidae,Gadus,Gadus macrocephalus,1,44,549,3701,2335052,2415853,NA,NA,NA,NA,Gadus macrocephalus
Animalia,Chordata,Pleuronectiformes,Pleuronectidae,Isopsetta,Isopsetta isolepis,1,44,588,8611,2409201,2409202,NA,NA,NA,NA,Isopsetta isolepis
Animalia,Chordata,Pleuronectiformes,Pleuronectidae,Parophrys,Parophrys vetulus,1,44,588,8611,2409369,2409370,NA,NA,NA,NA,Parophrys vetulus
Animalia,Chordata,Pleuronectiformes,Pleuronectidae,Psettichthys,Psettichthys melanostictus,1,44,588,8611,2408960,2409051,NA,NA,NA,NA,Psettichthys melanostictus
Animalia,Chordata,Scorpaeniformes,Cottidae,Clinocottus,Clinocottus acuticeps,1,44,590,8621,2333865,2333873,NA,NA,NA,NA,Clinocottus acuticeps
Animalia,Chordata,Rajiformes,Rajidae,Beringraja,Beringraja binoculata,1,44,884,5877,7554168,7913005,Elasmobranchii,121,NA,NA,Beringraja binoculata
